id,name
00242b75,Leandro-Barreiro-Martins
00459419,Marko-Arnautovic
004d185e,Tete-Morente
0076ab7f,Nemanja-Gudelj
00963611,Konstantinos-Mavropanos
009a4f60,Julian-Ryerson
00a8d210,Przemyslaw-Frankowski
00b28772,Nemanja-Maksimovic
00c9a283,Hugo-Larsson
00eba9c9,Selim-Amallah
0118c54c,Anthony-Caci
014aa7bd,Alvaro-Aguado
016ff750,Valentino-Lazaro
0174ba21,Robin-Hack
01834aa0,Sebastiaan-Bornauw
01a49bd2,Lisandro-Magallan
01c3aff5,Weston-McKennie
01da7812,Myrto-Uzuni
01eb744d,Angel-Correa
01efac19,Antonin-Barak
01fd01e8,Souleymane-Toure
028e70b9,Joshua-Zirkzee
02b29014,Abdoulaye-Doucoure
02c15616,Marcos-Llorente
02caf6e0,Manuel-Lazzari
02d2c436,Luis-Hernandez
02ef8778,Raul-Tomas
0313a347,Ezri-Konsa
036bba5f,Ruben-Alcaraz
0375723e,Simone-Verdi
039f1983,Joseph-Okumu
03f946ed,Andrea-Petagna
0420d84f,Seamus-Coleman
042e8a49,Kingsley-Coman
0442183b,Nathaniel-Clyne
048a1cbc,Raphael-Guerreiro
049a888d,Mykhailo-Mudryk
04ac78d2,Bamo-Meite
04bb2b06,Ibrahima-Kone
04df29a5,Lorenzo-Colombo
04e17fd5,Youssef-En-Nesyri
0512a60a,Ismael-Doukoure
05439de2,David-Alaba
054849d2,Iago-
056269d7,Oscar-Mingueza
0562b7f1,Odsonne-Edouard
056d2d95,Christopher-Trimmel
05d548d8,Mats-Hummels
05e19d6a,Franck-Kessie
05e8ca6d,Cameron-Archer
0630eb63,Nemanja-Radonjic
065dc209,Terem-Moffi
06c48679,Jonathan-Gradit
06df8256,Benoit-Badiashile
06efa9dc,Sergio-Akieme
075fe5a3,Srdan-Babic
07802f7f,Danny-Ings
07c7eb0c,Anthony-Losilla
07d65234,Anass-Zaroury
08511d65,Sergio-Ramos
08eb3b58,Matias-Vina
091c86e2,Felix-Nmecha
0959c2a2,Federico-Valverde
0967845b,Fabiano-Parisi
099e666f,Jonjoe-Kenny
0a084b35,Josip-Juranovic
0a0cc13c,Sergio-Leon
0a3f6cde,Christopher-Antwi-Adjei
0a447501,Antonio-Sanabria
0a483542,Giorgos-Kyriakopoulos
0a89e877,Benjamin-Henrichs
0ab1f153,Juan-Cuadrado
0abc51f2,Jorge-Cuenca
0ae4e09a,Roger-Marti
0b2c8585,Raul-Guti
0b33f6ad,Mohammed-Salisu
0b4f388a,Breel-Embolo
0b5a292a,Mario-Rui
0ba976e4,Ansu-Fati
0bc4e720,Manu-Vallejo
0bdda685,Dexter-Lembikisa
0be95d34,Romain-Del-Castillo
0c61c77c,Dodi-Lukebakio
0c717ae6,Barcia-
0c7a48f8,Piero-Hincapie
0cadc46d,Vedat-Muriqi
0cb29e91,Njegos-Petrovic
0cbc8baa,Jean-Kevin-Duverne
0cd31129,Brennan-Johnson
0cf778df,Chris-Fuhrich
0d7b6576,Elye-Wahi
0d82903c,Alex-Sandro
0d9b2d31,Pedri-
0da6a13e,Theo-Bongonda
0db169ae,Sandro-Tonali
0e0102eb,Omar-Marmoush
0e4fef6e,Lucas-Torro
0e6bc38c,Eric-Maxim-Choupo-Moting
0ed60738,Senne-Lynen
0f134faf,Mathias-Jensen
0f26ffd7,Copete-
0f59a7bf,Anton-Stach
0f8418aa,Ibrahima-Sissoko
0f86995c,Hianga-Mananga-Mbock
0fbecd11,Dominik-Kohr
0ff630d0,Akim-Zedadka
102c9665,Alexsandro-Ribeiro
104b4ad3,Alberth-Elis
10549b49,Sardar-Azmoun
10b9fa99,Ethan-Ampadu
10e7f486,Rogerio-
10f0fdd3,Jean-Ricner-Bellegarde
114bbdee,Loic-Bade
116c35df,Donyell-Malen
119b9a8e,Aymeric-Laporte
11b9265b,Alberto-Moreno
1238a3f9,Davie-Selke
1265a93a,Reece-James
129af0db,Alvaro-Morata
12efd7f9,Martin-Pascual
130a7a3f,Samu-Castillejo
13203c45,Jerome-Roussillon
13210854,Olivier-Deman
132a82f1,Wesley-Fofana
132ac341,Aridane-Hernandez
13ddc856,Takuma-Asano
1467af0d,Marco-Verratti
148e136f,Remy-Cabella
14a7af33,Christian-Gross
15413fa5,Salih-Ozcan
1544f145,Jacob-Ramsey
15937e17,Eray-Comert
1598599e,Nampalys-Mendy
15ab5a2b,Julian-Alvarez
15b287da,Daichi-Kamada
15d0c248,Luiz-Felipe
15ea812b,James-Tarkowski
15fd5593,Davy-Klaassen
162efffd,Rodrigo-De-Paul
1633fc8a,Juanpe-
1657f448,Lautaro-Blanco
16657b95,Bryan-Cristante
169fd162,Hwang-Hee-chan
16aa3654,Takefusa-Kubo
16aa7d4c,Brendan-Chardonnet
16ceb862,Olivier-Giroud
16e9d0ea,Alex-Moreno
17370b95,Bernardo-
174f09a6,Ignasi-Miquel
1780bb4a,Aaron-Hickey
178ae8f8,Diogo-Jota
17bb562c,Arouna-Sangante
1880614f,Cengiz-Under
18950a80,Marco-Pellegrino
18abe173,Joseph-Aidoo
18b896d6,Antonio-Rudiger
18dd3219,Federico-Gatti
18f0a9f0,Raul-
19053e31,Sofiane-Diop
192c89a6,Braian-Cufre
1944818c,Yan-Couto
1961b2aa,Andre-Gomes
19709006,Oscar-Rodriguez-Arnaiz
1971591f,Cody-Gakpo
19a967ab,Ansgar-Knauff
19b776e9,Ruben-Sobrino
19ba6c6d,Steve-Mounie
19c36442,Luis-Milla
19cae58d,Gavi-
19cda00b,Angel-Di-Maria
1a066e69,Maxime-Esteve
1a248246,Youcef-Belaili
1a6b7ea4,Pablo-Rosario
1ae836b1,Elvis-Rexhbecaj
1b804500,Connor-Ronan
1b84dbe1,Lucas-Digne
1bacc518,Frenkie-Jong
1bc6135b,Ablie-Jallow
1bda5842,Portu-
1bf33a9a,Christian-Pulisic
1bfb6fef,Bafode-Diakite
1c7012b8,Declan-Rice
1cb49278,Andreas-Christensen
1cbe4984,Paulo-Otavio
1d042188,Dara-O'Shea
1d383c10,Marvin-Senaya
1d8aa290,Issa-Soumare
1d8e9add,Kevin-Vogt
1daec722,Marc-Cucurella
1ddbc7ca,Melvin-Bard
1df0c0b9,Robert-Gumny
1df4a109,Lesley-Ugochukwu
1e159d70,Yerson-Mosquera
1e2057aa,Moritz-Broni-Kwarteng
1e9aa637,Giorgio-Scalvini
1f079188,Ruben-Pena
1f3afdcb,Odilon-Kossonou
1f423a54,Sergio-Ruiz
1f44ac21,Erling-Haaland
1f60244a,Benat-Prados
1fc474ae,Giovanni-Gonzalez
1fc4f3d1,Ilia-Gruev
1fe0492d,Ruben-Duarte
1fffae99,Jens-Stage
20030c06,Willi-Orban
20094685,Maxime-Lopez
200e89e1,Ander-Barrenetxea
202b3b68,Jakub-Kaminski
204ac005,Samuele-Birindelli
204dded0,Hiroki-Ito
20730eae,Rafael-Leao
2077ae86,Jonas-Wind
20b3a502,Nicolas-Dominguez
20e73fac,Benjamin-Bourigeaud
213ab9bb,Oscar-Estupinan
2146785a,Davide-Calabria
21512407,Kieran-Trippier
21a66f6a,Harry-Kane
220ace7e,Romano-Schmid
220c11f1,Cristhian-Stuani
226008f1,Luca-Caldirola
22798128,Aissa-Laidouni
228b0d9d,Aihen-Munoz
22f6ed2c,Claudio-Gomes
230a2fac,Giovanni-Di-Lorenzo
230f0471,Nathan-Patterson
23610943,Nahuel-Molina
236f02cd,Joe-Scally
2374aaca,Nicolas-Gonzalez
237a3851,Kike-Perez
2389cdc2,Matty-Cash
23c63b7f,Ignatius-Ganago
23cbf863,Carlos-Romero
240d3a0b,Dani-Garcia
246d153b,Ola-Aina
2475cf9b,Juan-Brandariz
247ed022,Andrea-Cambiaso
24fae784,Connor-Roberts
2500cef9,Yoane-Wissa
253a06b9,Ezequiel-Avila
25ab9c9c,Manuel-Gulde
2677a1de,Wahbi-Khazri
2683eda7,Javi-Puado
26d3b5be,Ellis-Simms
26f6dca8,Manuel-Lanzini
271b8617,Marcus-Ingvartsen
274ab13c,Catena-
277c49ed,Maxence-Lacroix
2784f898,Eder-Militao
27d0a506,Pedro-Porro
27dc1378,Garcia-Vaya-Jose-Luis
282f75f3,Lewis-Dunk
283c7121,Edu-Exposito
288e1e13,Nayef-Aguerd
28e957d7,Cesar-Montes
2903a856,Jonas-Hofmann
2928dca2,Conor-Coady
2944f86f,Frank-Onyeka
2946f9a1,Nacho-
29c91632,Abakar-Sylla
29d0f2ac,Ivan-Fresneda
29f7cfd9,Simon-Zoller
2a0c8ba4,Joan-Jordan
2a1beb34,Marten-Roon
2a295d33,Samuel-Lino
2a29eb9b,Lukas-Kubler
2a7d27c1,Davide-Frattesi
2acf0cd7,Marshall-Munetsi
2b114be3,Leroy-Sane
2b1bed19,Haris-Belkebla
2b471f99,Mario-Lemina
2b5a35e5,Dilane-Bakwa
2b7c56b4,Mateo-Klimowicz
2b83fa49,Jannes-Horn
2bc7f211,Abdel-Abqar
2bd83368,Anthony-Gordon
2bed3eab,Eric-Garcia
2bef2bca,Ronald-Araujo
2c0558b8,Jamal-Musiala
2c0f8e9e,Alexis-Sanchez
2c56a792,Nicolas-Gonzalez
2ccd39ed,Akor-Adams
2cfae697,Jerdy-Schouten
2d61d13a,Ozan-Kabak
2d970560,Robin-Gosens
2dce876a,Carmona-
2e4f5f03,Andrew-Robertson
2e77d607,Andreas-Hanche-Olsen
2ee5b0c9,Zeki-Amdouni
2ef7c612,Charles-De-Ketelaere
2f3452eb,Elseid-Hysaj
2f3e911a,Aaron-Martin
2f71c116,Maxime-Colin
2f90f6b8,James-Milner
2fba6108,Anthony-Elanga
2fbe6af0,Ivan-Romero
2ff76adc,Phillipp-Mwene
302527b2,Philipp-Lienhart
30941e96,Angelino-
30ae134d,Kevin-Behrens
30af8b93,Oliveira-Silva-Caio-Henrique
30c220c3,Mitchell-Weiser
30d4a2e5,Vitaliy-Mykolenko
30f5ffa9,Milan-Skriniar
313254a3,Kiliann-Sildillia
31822f8c,Folarin-Balogun
3189f61a,Nabil-Bentaleb
31a62dc7,Zeki-Celik
31c69ef1,Ruben-Dias
32100829,Koffi-Kouao
321a71a7,Maxime-Le-Marchand
32974271,Sergi-Guardiola
32c2d95f,Yunis-Abdelhamid
32f60ed8,Morgan-Gibbs-White
3312f911,Jeffrey-Schlupp
335039a2,Pere-Milla
335fa267,Sergi-Roberto
3397e7b5,Phillip-Tietz
33a61a52,Carlos-Clerc
33a68b9b,Alvaro-Fernandez
33b8d077,Marcelo-Brozovic
3409de86,Nicolas-Ezequiel-Fernandez
3423f250,Raphinha-
34269bdf,Renato-Tapia
34693494,Fabio-Miretti
346d51d9,Julian-Weigl
349cae8f,Michael-Amir-Murillo
34a88e3e,Edon-Zhegrova
34b0387f,Lee-Jae-sung
34e12499,Nico-Schlotterbeck
34e393f2,Guido-Rodriguez
34e39a18,Eric-Curbelo
3515d404,James-Ward-Prowse
35516eac,Wilson-Odobert
357103bd,Fares-Chaibi
35a6e5c7,Gabriel-Veiga
35d4f151,Ruben-
35d64857,Tuta-
35e413f1,Ben-White
35f6db55,Leo-Baptistao
360d70f8,Lago-Junior
3624ce4c,Victor-Diaz
3626daea,Leonardo-Spinazzola
3649ece2,Niccolo-Pierozzi
365113c0,Pubill-
366be751,Nicolo-Fagioli
3672b352,Javi-Martinez
3681cfff,Christophe-Herelle
36a3ff67,Marco-Reus
36a59ba4,Florian-Neuhaus
36d9dabe,Thomas-Ouwejan
36f65bdf,Rassoul-Ndiaye
3708e9fa,Aleksandr-Golovin
374d5158,Gonzalo-Montiel
375622c5,Jordan-Ferri
375ed9d7,Milutin-Osmajic
378825c7,Ramy-Bensebaini
379652be,Oscar-Melendo
379dc075,Shon-Weissman
37dc1a48,Jesper-Lindstrom
37e103f8,Hugo-Duro
37f606f0,Dennis-Geiger
37f827ec,Enzo-Roco
3828f130,Javier-Guerra
384d58d9,Denis-Zakaria
38699c72,Anthony-Lozano
38ce1150,Jorge-Frutos
38ceb24a,Leandro-Trossard
3902e91b,Gonzalo-Melero
3935e52e,Sead-Kolasinac
39769cff,Rasmus-Nissen
3a233281,Leon-Bailey
3a24769f,Ross-Barkley
3b029691,Vitinha-
3b12b11f,Alessandro-Zanoli
3b1ed320,Angelo-Stiller
3b333ac3,Hans-Hateboer
3b8674e6,Rodrigo-Bentancur
3bb625ac,Edimilson-Fernandes
3bb7af3b,Riccardo-Saponara
3bb7f478,Edin-Dzeko
3c16d927,Alejandro-Pozo-Pozo
3c6089ab,Thomas-Muller
3ca7254a,Pedro-
3cb132e6,Jacopo-Segre
3cc4bb19,Fali-Cande
3cefcaef,Ferland-Mendy
3d50bcdb,Moise-Kean
3d7e48ce,Ivan-Alejo
3dd738a1,Ruben-Aguilar
3e42f707,David-Garcia
3e9e06cb,Craig-Dawson
3ea50f67,Harvey-Barnes
3ead85f9,Alessio-Romagnoli
3eb22ec9,Bernardo-Silva
3ec3c1c9,Lucas-Martinez-Quarta
3ecc11d8,Yeray-Alvarez
3ee0dd59,Martin-Zubimendi
3eeb80e0,Fredrik-Jensen
3eed9821,Samuel-Umtiti
3eeebc87,Tiago-santos
3ef0a2d7,Aleksa-Terzic
3effaa34,Andre-Silva
3f10bd22,Jesus-Navas
3f3a2cba,Moustapha-Mbow
3f5f38fb,Nicolo-Casale
3f79a1c8,Gonzalo-Escalante
3f7bafbe,Alejo-Veliz
3fc45c73,Inigo-Martinez
40221fa7,Bradley-Locko
407feb71,Brahim-Diaz
41034650,Jurrien-Timber
4115ce4e,Jan-Bednarek
414184f7,Jhon-Duran
41b3069f,Fernando-Calero
41bff4fa,Marton-Dardai
41c12f75,Mathias-Olivera
41eebdf5,Samuel-Gigot
41f32541,Fernando-
42276181,Kevin-Gameiro
42eaa028,Jonathan-Ikone
42fd9c7f,Kylian-Mbappe
433dc9a2,Juan-Bernat
437f2b00,Christoph-Baumgartner
43e7a164,Alexander-Djiku
441197b8,Obite-N'Dicka
44150beb,Jon-Pacheco
442b56fa,Ridle-Baku
4431aed2,Ciro-Immobile
4468ec10,Demarai-Gray
44781702,Ben-Davies
44a20f0c,Maximilian-Bauer
44ac04e9,Matias-Vecino
44bfb6c5,Ruben-Neves
44e07fac,Chris-Ramos
44eb9093,Danilo-D'Ambrosio
4506aec5,Thomas-Cannon
450ab6fc,Jamaal-Lascelles
45191c29,Nicola-Zalewski
4534a352,Warmed-Omari
4596da74,Evan-Ferguson
45a03961,Benjamin-Pavard
45af8a54,Marco-Asensio
45b9b619,Joaquin-Correa
45db685d,Jorginho-
45e17712,Dimitri-Foulquier
45e95f21,Lee-Buchanan
4601e194,Jordi-Alba
462475ed,Ludovic-Ajorque
463503e2,Marcin-Kaminski
468a7a91,Facundo-Buonanotte
46e07328,Jose-Arnaiz
47369df8,Josh-Brownhill
4788cb6b,Georges-Mikautadze
48035304,Nico-Elvedi
481c9ece,Denzel-Dumfries
481f76cf,Josue-Casimir
482d2bc3,Lucas-Beltran
4830e0af,Abdelhamid-Sabiri
485e4939,Juanjo-Narvaez
489e80e3,Mohamed-Camara
48a5a5d6,Gabriel-Martinelli
48d5bd33,Ruslan-Malinovskyi
49070d66,Lucas-Perrin
49136c42,Andrew-Gravillon
491a433d,Rasmus-Hojlund
49296448,Joshua-Kimmich
4958bfb2,Dani-Carvajal
496aeede,Christoph-Kramer
49d028db,Edgar-Gonzalez
49dbab27,Isaac-Palazon-Camacho
49fe9070,Timo-Werner
4a1a9578,Luis-Diaz
4a478107,Jose-Luis-Morales
4a56052c,Jordan-Veretout
4a5a45c7,Lorenzo-Pellegrini
4a633cfe,Unai-Garcia
4ab53cdb,Jay-Rodriguez
4ae67f27,Alessandro-Buongiorno
4b3e1a38,Amir-Rrahmani
4b511457,Oriol-Romeu
4b803b3c,Maximilian-Wober
4b96c347,Angelo-Fulgini
4bcf39f6,Neal-Maupay
4bd414c1,Raul-Albiol
4c0a6a48,Jon-Guridi
4c370d81,Roberto-Firmino
4c3a6744,Justin-Kluivert
4c6facae,Djibril-Sow
4c8845f7,Youssef-Maleh
4d1666ff,Jules-Kounde
4d224fe8,Casemiro-
4d77b365,Darwin-Nunez
4d8cd038,Luka-Jovic
4dbd0916,Thomas-Lemar
4dcec659,Simon-Adingra
4e015693,James-Garner
4e219ad2,Suso-
4e6dbac4,Sergej-Milinkovic-Savic
4f16405e,Niclas-Fullkrug
4f255115,Aurelien-Tchouameni
4f28a6ff,Clement-Lenglet
4f627629,Nikola-Soldo
4f974391,Aaron-Cresswell
4fb9c88f,Curtis-Jones
4fd08daa,Paul-Hecke-Jan
501055d8,Karim-Adeyemi
505486d6,Victor-Bernth-Kristiansen
5069b796,Achraf-Dari
507c7bdf,Bruno-Fernandes
5083a734,Yangel-Herrera
50871bcc,Thorgan-Hazard
5132b92c,Lucas-Oliveira-Rosa
514270e8,Youssef-Maziz
5148dcc5,Martin-Terrier
5167c97e,Massadio-Haidara
518f2234,Alex-Baena
51a3c4c8,Felipe-
51c30111,Sanjin-Prcic
51cf8561,Oleksandr-Zinchenko
51dbeea9,Thilo-Kehrer
5219ab4a,Jonathan-Clauss
526ea7cc,Amos-Pieper
527f063d,Edinson-Cavani
528492ea,Alfred-Duncan
5294a83f,Luis-Alberto
529f49ab,Thomas-Partey
52ec54d0,Leonardo-Bonucci
53070b63,Paulinho-
5313ed43,Seko-Fofana
532e1e4f,Pau-Torres
5360a956,Gabriel-Vidovic
53cad200,Cesar-Azpilicueta
540ec57b,Yeremi-Pino
546c7f68,Gino-Infantino
5487adcd,Abdul-Mumin
54b4dc4e,Kerem-Demirbay
54bcdeb0,Gonzalo-Plata
54e4866f,Vincenzo-Grifo
54e53b7e,Gianluca-Caprari
55126f3b,Koke-
5515376c,Trevoh-Chalobah
5521f419,Adam-Hlozek
5526deb1,Tommy-Doyle
554bcc91,Arne-Engels
555f3a0b,Mario-Hermoso
562a4799,Boubakar-Kouyate
563a68ad,Gary-Medel
56413b1f,Charles-Aranguiz
56545648,Roberto-Gonzalez
56cafd0a,Miguel-Angel-Rubio
5762be5c,Atakan-Karazor
57827369,Ben-Brereton
57c94db2,Mads-Roerslev
57d88cf9,Jude-Bellingham
57e3f0c7,Nicolas-Pepe
582a5247,Mads-Pedersen
5853ac44,Tanguy-Nianzou
58a9a4d9,Oliver-Torres
58ae47b2,Dimitri-Payet
58e933d2,Christian-Kouame
592f3158,Oscar-Valentin
5976f83e,Sergino-Dest
59948ef7,Pereira-Costa-David
59b7d823,Inigo-Lekue
59e4b92e,Rani-Khedira
59e6e5bf,Dominic-Calvert-Lewin
59fcbd6d,Danley-Jean-Jacques
5a04fd92,Said-Benrahma
5a08ee41,Federico-Baschirotto
5a2cb25d,Sofyan-Amrabat
5a626448,Moi-Gomez
5aa53281,Gianluca-Mancini
5ab0ea87,Sergio-Busquets
5acc4a10,Etienne-Capoue
5ad50391,Josko-Gvardiol
5ae499d0,Santi-Comesana
5b146df3,Lilian-Brassier
5b1bf5e3,Gael-Kakuta
5b28b2f6,Josan-
5b418e15,Sydney-Hooijdonk
5b847bb0,Artem-Dovbyk
5b9512c5,Castello-Lukeba
5bc43860,Brenden-Aaronson
5c26ca51,Teddy-Teuma
5c7845f6,Igor-Zubeldia
5c96b017,Ruben-Garcia
5cbd1eb0,Tyrick-Mitchell
5ccc9672,Alejandro-Balde
5ce0b5ba,Asier-Illarramendi
5ceba7fc,Karl-Toko-Ekambi
5d0e0a1f,Adrien-Truffert
5d4f7d61,Patrik-Schick
5d68f5b2,Lucas-
5d8d7454,Frederic-Guilbert
5d8e331f,Nicolas-Hofler
5db04597,Pablo-Maffeo
5db45ee5,Maximilian-Beier
5ddb8f9f,Danny-Costa
5de3866c,Patrick-Ciurria
5dfc6ad5,Axel-Witsel
5e1028e5,Franco-Cervi
5e22e2a4,Baptiste-Santamaria
5e66fa06,Waldemar-Anton
5e861944,Matteo-Politano
5ea8ef20,Matteo-Guendouzi
5eae500a,Romelu-Lukaku
5ed97752,Iliman-Ndiaye
5ed9b537,Ibrahima-Konate
5eecec3d,John-Stones
5efc5389,Charalambos-Lykogiannis
5fd5ed86,Gleison-Bremer
5fdcb075,Thibault-De-Smet
5ff4ab71,Enzo-Fernandez
6025fab1,Luka-Modric
60359288,Javi-Sanchez
603cb947,Andrej-Kramaric
6043997c,Gerzino-Nyamsi
608f2092,Johan-Mojica
60abea75,Cesar-la-Hoz
610aa1e9,Luca-Kilian
61b3978f,Bartosz-Bereszynski
6250083a,Oliver-Skipp
6265208f,Joselu-
62ab9184,Yannick-Gerhardt
6388e356,Falaye-Sacko
638a4d71,Marvin-Ducksch
63b9cc6d,Masaya-Okugawa
63f04c6c,Alfonso-Pedraza
6412cc03,Fabio-Vieira
6434f10d,Rodri-
645a3363,Angel-Gomes
647d39d2,Raul-Parra
6499048c,Andrea-Colpani
64c14d49,Dion-Lopy
64e8ed6d,Borja-Mayoral
64f69877,Kevin-Volland
65154df0,Rodrigo-Riquelme
65857fdf,Tim-Skarke
65c55288,Youssouf-Ndayishimiye
6605d143,Habib-Diallo
6613c819,Tomas-Soucek
6620c21a,Kassoum-Ouattara
6622454d,Hakim-Ziyech
6652cf96,Oscar-Gil
66654daa,Nahuel-Tenaglia
66b76d44,Emi-Buendia
6763373d,Miguel-
6763f716,Leny-Yoro
677da306,Ohis-Felix-Uduokhai
67ac5bb8,Gabriel-Dos-Santos
68c28f7e,Abraham-Rando
691bef82,Daley-Blind
6928979a,Nicolo-Barella
69384e5d,Neymar-
697295b1,Pedro-Bigas
69cbc8b6,Leandro-Cabrera
69fdb896,Flynn-Downes
6a8a7af8,Vinicius-Souza
6a99e0b1,Inaki-Williams
6afaebf2,Bryan-Mbeumo
6b5ea2f4,Gorka-Guruzeta
6b6c793c,Tyrell-Malacia
6b8887c2,Steffen-Tigges
6b9960cf,Warren-Zaire-Emery
6bb2c084,Andre-Frank-Zambo-Anguissa
6bca20fe,Enzo-Loiodice
6bd5cd5d,Robin-Knoche
6bde367b,Teji-Savanier
6c203af0,Yves-Bissouma
6c7762c3,Juan-Foyth
6c811eb7,Carles-Alena
6ca5ec4b,Alex-Iwobi
6ce1f46f,Toni-Kroos
6ce43701,Youssoufa-Moukoko
6d0fe035,Mouhamadou-Diarra
6dfd8f05,Romain-Perraud
6e058f06,Giacomo-Raspadori
6e269dd3,Mikkel-Kaufmann
6e33125f,Kevin-Danso
6e7f1353,Morgan-Sanson
6eaed4eb,Florian-Lejeune
6ec6fde0,Kevin-Akpoguma
6ecbddf6,Ruben-Vargas
6eee05f1,Berat-Djimsiti
6f5ec8bb,Facundo-Medina
6f5f82c0,Andoni-Gorosabel
6f7d826d,Douglas-Luiz
6f806d99,Enzo-Le-Fee
6f8cd6d0,Marcus-Thuram
6fe90922,Ivan-Perisic
70107d4d,Ivan-Sanchez
7091324a,Rafik-Guitane
70c52749,Birger-Meling
70d74ece,Karim-Benzema
70dcf94d,Janik-Haberer
70f8e0bd,Dani-Rodriguez
7111d552,Vinicius-Junior
7155e3e1,Pape-Gueye
71ec39ef,Lucas-Tousart
7226539b,Fran-Garcia
7242b495,Niko-Giesselmann
72a84002,Fali-
72c812f3,Idrissa-Gana-Gueye
737945d9,Angelo-Borges
7460ca0d,Daniel-Parejo
74618572,Kaoru-Mitoma
74b2cd7e,Angelo-Ogbonna
74d4cec6,Vitinha-
74e12f1e,Jack-Cork
74e90475,Sergi-Cardona
74f2e748,Jeremie-Frimpong
75645f0e,Borja-Iglesias
757a3431,Adria-Altimira
7587446d,Martin-Adeline
75b86fb3,Alessandro-Bastoni
75e60d75,Ronaldo-Vieira
75f1ed80,Emmanuel-Agbadou
763b8b37,Bartosz-Bialek
76b2817e,Kingsley-Ehizibue
76c2a023,Samu-Costa
770d7eb8,Kenny-Lala
77e84962,Thiago-Alcantara
780e3631,Matteo-Pessina
78841da9,Jose-Callejon
79083382,Juan-Jesus
7909ffa4,Joris-Chotard
79300479,Martin-Odegaard
79443529,Dusan-Vlahovic
7952d0c2,Jesper-Karlsson
79b51257,Morgan-Guilavogui
79c0821a,Mateo-Kovacic
79c84d1c,Jarrod-Bowen
79c90e45,Pavel-Kaderabek
79ca3e23,Ondrej-Duda
7a11550b,Joe-Gomez
7a42d0df,Florian-Sotoca
7aa8adfe,Alejandro-Garnacho
7b075c75,Adama-Soumaoro
7b5ab7f2,Bryan-Gil
7b9a9e25,Arnaud-Nordin
7b9c2d84,Eduardo-Camavinga
7ba2eaa9,Pedro-Neto
7bf9400b,Sepp-den-Berg
7c104bb7,Ademola-Lookman
7c363088,Aimar-Oroz
7c388b20,Oscar-Plano
7c3ed041,Leonardo-Balerdi
7c4243d4,Roque-Mesa
7c56da38,Christopher-Nkunku
7cd520e8,Destiny-Udogie
7cd6badb,Lars-Stindl
7cdda3bf,Gaetan-Laborde
7d450ed3,David-Raum
7d9397f8,Khephren-Thuram
7dcf86f6,Iago-Aspas
7e82a78f,Florent-Mollet
7e98cff1,Miguel-Gutierrez
7ed08d5c,Josip-Stanisic
7edfbb8a,Fikayo-Tomori
7ef972c3,Flavius-Daniliuc
7f3b388c,Fabinho-
7f609bfc,Stefan-Posch
7f78ad23,Ricardo-Rodriguez
7f9c5d2d,Abner-
7fcc71d8,Daniel-Podence
7fe90ccd,Davide-Zappacosta
80490d7f,Jhon-Lucumi
8059806f,Luiz-Henrique
805a2a11,Mamadou-Fall
808d48f3,Jaume-Costa
809940aa,Dominick-Drexler
8104e41e,Krepin-Diatta
81442ecb,Marcos-Acuna
815c314f,Marc-Oliver-Kempf
817c6964,Rade-Krunic
819aa8e7,Ayoze-Perez
819b3158,Ilkay-Gundogan
81d5c497,Fernando-Nino
81f0781e,Gerard-Moreno
822d51d7,Youssouf-Fofana
822ed0ec,Valentin-Gendrey
82464ce3,Salis-Abdul-Samed
8249ff06,Carlo-
82518f62,Bruno-Guimaraes
825ed0d1,Simon-Elisor
826e8b63,Philipp-Max
828657ff,Amadou-Onana
82927de4,Pablo-Fornals
82bfc14d,Leart-Paqarada
82cfae2a,Dennis-Hadzikadunic
82efe6fa,Roger-Ibanez
83299cc0,Azzedine-Ounahi
8332db56,Thomas-Delaine
833fb62e,Sandro-Ramirez
8397a50c,Tyrone-Mings
83d074ff,Alexis-Mac-Allister
83e1f40e,Luca-Pfeiffer
83f03b07,Noah-Fadiga
8449d35e,Vitaly-Janelt
8455ad90,Lee-Kang-in
84a85b48,Alberto-Del-Moral
84c5ceea,Tim-Iroegbunam
852ddfb8,Gaston-Alvarez
853ca71c,Anastasios-Douvikas
85613cf0,Arkadiusz-Milik
8577e60a,Mahdi-Camara
857a5abe,Stefan-Bell
857cb4f3,Peru-Nolaskoain
8593f88c,Christian-Gunter
85bed4ee,Rodri-
85f7d1be,Pierre-Kalulu
86087757,Federico-Gattoni
862a1c15,Miguel-Almiron
86383d0e,Martin-Satriano
863ff1ee,Simon-Terodde
8652a85c,Lois-Openda
86574238,Kouadio-Kone
8696bc90,Munir-Haddadi
86a2ba20,Rominigue-Kouame
86c75897,Ivan-Ordets
86dd77d1,Kyle-Walker
86e119e0,Maximilian-Arnold
86e7deaf,Thiago-Silva
873619c6,Sergio-Camello
877bc844,Philipp-Hofmann
8790f988,Gianluca-Scamacca
8794e251,Adrien-Rabiot
88050721,Unai-Lopez
8827bf46,Gerson-
8846a40f,Mathias-Pereira-Lage
8872ed17,Paul-Seguin
88acf83f,Reda-Khadra
88c4d190,Jeremy-Le-Douaron
88e357ef,Serge-Gnabry
88f130ed,Jean-Clair-Todibo
892d5bb1,Riyad-Mahrez
89976232,Armando-Izzo
89ac64a6,Manuel-Akanji
89f951b5,Ivan-Rakitic
8a3c1dc7,Rico-Henry
8a7ff278,Joel-Ward
8aafd64f,Joao-Felix
8ac501f5,Monchu-
8aec0537,Pascal-Gross
8b04d6c1,Pierre-Hojbjerg
8b3ab7ad,Edson-Alvarez
8b57ad2c,Joao-Gomes
8b609c34,Wilfried-Singo
8b788c01,Anthony-Martial
8b8a56ce,Simon-Kjaer
8c3c640c,Mikel-Oyarzabal
8c4e56cb,Crespo-Garcia-Francisco-Jesus
8c63fae5,Luca-Ranieri
8c725b43,German-Pezzella
8c90fd7a,Victor-Osimhen
8d3cd59d,Carlos-
8d47bb39,Carlos-Neva
8d62d31a,Joe-Rodon
8d6a9c93,Sergio-Carreira
8d78e732,Robert-Lewandowski
8da74c05,Adrien-Tameze
8df7a2fb,Ben-Mee
8e088e04,Toni-Lato
8e235926,Michael-Gregoritsch
8e48dc61,Ander-Guevara
8e697a8f,Dan-Ndoye
8e92be30,Alexander-Isak
8eb55dbb,Sheraldo-Becker
8ec109e6,Caleb-Okoli
8eec784d,Timothy-Weah
8f056768,Xaver-Schlager
8f0f2230,Kenan-Karaman
8f325097,Nicolas-Cozza
8f3565b3,Ante-Budimir
8f4541c2,Julian-Araujo
8f5e92a6,Rodrygo-
8f7e6783,Calvin-Stengs
8fd9996f,Danilo-Pereira
8fe2a392,van-Ven-Micky
8ff2354e,Marcel-Halstenberg
90bbd822,Alvaro-Garcia
90eb507d,Thomas-Foket
90f87966,Jose-Fonte
90f91999,John-McGinn
914bb955,Christopher-Operi
919dd4b1,Raul-Moro
91f7631f,Ruiz-Galarreta-Inigo
923f4dda,Serhou-Guirassy
92432bc6,Amadou-Haidara
924f9191,Grischa-Promel
928a4a61,Jens-Cajuste
9295dc1c,Vitinho-
92a16062,Eric-Martel
92d83c27,Mattias-Svanberg
92e7e919,Son-Heung-min
93090f69,Domingos-Duarte
933d3b51,Koffi-Djidji
934e1968,Dominik-Szoboszlai
935e6b8f,Jordan-Henderson
93a8c4f9,Lukas-Daschner
93e08bce,Ameen-Dakhil
942b4f90,Wissam-Ben-Yedder
94302c52,Timo-Hubers
94816803,Riccardo-Sottil
94b2001f,Danilo-
94bccc82,Natan-
94c18565,Florian-Kainz
94e01ec6,Jesus-Areso
94f8d10c,Duje-Caleta-Car
95bb6ddc,Junior-Dina-Ebimbe
963829d0,Manu-Trigueros
9642c929,Florian-Flick
96593e89,James-Mcatee
9662c9ec,Patrick-Osterhage
9674002f,Mason-Mount
96e0490d,Matteo-Darmian
970b8574,Federico-Dimarco
972aeb2a,William-Saliba
974322dc,Iglesias-
9744ff80,Pablo-Sarabia
97d545ae,Ko-Itakura
980522ec,Christian-Eriksen
9823be92,Samuele-Ricci
98d2c2c4,Remo-Freuler
9907b1c8,Nicolo-Zaniolo
99127249,Antony-
9939e168,Jon-Moncayola
99ea2ddd,Tomas-Alarcon
9a0408b6,Pathe-Ciss
9a28eba4,Adama-Traore
9a2e0ccc,Emil-Forsberg
9a64e67e,Robin-Le-Normand
9a76c2e9,Javi-Hernandez
9a796115,Abderrahman-Rebbach
9a93efc9,Cenk-Ozkacar
9ab16552,Makoto-Hasebe
9af1f9ff,Jordan-Beyer
9b130479,Kirian-Rodriguez
9b398aea,Rayan-Ait-Nouri
9b5237b1,Andy-Diouf
9b545925,Anthony-Rouault
9b5ce51a,Jefferson-Lerma
9b6f7fd5,Lucas-Paqueta
9c137b36,Alex-Suarez
9c221d14,Wout-Faes
9c36ed83,Nicolas-Jackson
9c94165b,Luke-Shaw
9ddf7fae,Cheikh-Tidiane-Sabaly
9dff291c,Soumaila-Coulibaly
9e095d72,Imanol-
9e1035f8,Ferran-Torres
9e1577aa,Cristiano-Biraghi
9e525177,Aaron-Wan-Bissaka
9e7483ff,Desire-Doue
9efa1d25,Mario-Gotze
9f1893b9,Felipe-Anderson
9f29c204,Oualid-Hajjam
9f323c71,Oscar-Marcos
9f77012e,Tom-Krauss
9f84febe,Rick-Karsdorp
9f8e9423,Raphael-Varane
9fb45456,Carlos-Benavidez
a0255c67,Manu-Morlanes
a0415710,Ismail-Jakobs
a0666d3e,Will-Hughes
a08985b8,Stijn-Spierings
a08b974a,Lucas-Ocampos
a0b4bb3e,Isco-
a0d55a09,Bradley-Barcola
a0f9b535,Flavien-Tait
a10361d2,Aleix-Garcia
a167537f,Julian-Brandt
a17a94d6,Azor-Matusiwa
a190d597,Diego-Costa
a1d5bd30,Marcus-Rashford
a254bbe0,Antonio-Sanchez
a26fb8aa,Teun-Koopmeiners
a2b105e0,Sean-Longstaff
a2b1ed42,Ricardo-Pepi
a35134ae,Aleksandar-Sedlar
a396fb61,Erhan-Masovic
a3b03921,Joe-Willock
a3d94a58,Cristian-Romero
a3e4bf46,Brian-Olivan
a4948e67,M'Bala-Nzola
a4971d84,Djene-
a4ac4b8f,Willy-Boly
a4b00319,Javi-Galan
a4b1028a,Hamari-Traore
a4e85758,Igor-
a4effc55,Dan-Axel-Zagadou
a5296e55,Piotr-Zielinski
a53649b7,Eddie-Nketiah
a53b661f,Ihlas-Bebou
a55d8df5,Aitor-Ruibal
a56da3ba,Juan-Cruz-Armada
a5ae8f8e,Milos-Veljkovic
a62b4888,Jaime-Seoane
a62f8bf1,Kamaldeen-Sulemana
a65c844b,Nuno-Tavares
a65ce836,Emre-Can
a69e4806,Hirving-Lozano
a6c58494,Naouirou-Ahamada
a6de370d,Sergio-Canales
a73c8f95,Edmond-Tapsoba
a820e429,Arthur-
a8567629,Mitchel-Bakker
a8981944,Lucas-Robertone
a8a874f1,Manuel-Locatelli
a8c19eb8,Nathan-Collins
a8ee54ad,Kristijan-Jakic
a8f21b9f,Carles-Perez
a9202def,Ederson-
a93b6f4e,Paul-Jaeckel
a96103b2,Bryan-Zaragoza
a99138af,Jean-Lucas
a9aa0d1d,Aleksei-Miranchuk
aa54ec6f,Pablo-Mari
aa677a35,Alex-Fernandez
aa849a12,Jack-Harrison
aa8e289e,Nikola-Vlasic
aad48be9,Niklas-Stark
aad53e64,Kike-Barja
aad56ca3,Amine-Gouiri
ab1a72b4,Julian-Justvan
ab3f1bdf,Henning-Matriciani
ab5b7dc1,Marius-Bulter
ab700320,Arne-Maier
ab7bf91d,Daniel-Vivian
abe66106,Erik-Lamela
abefc3af,Yassine-Kechta
ac05f970,Michail-Antonio
ac454a4f,Gerard-Gumbau
ac73ec79,Nordi-Mukiele
ac861941,Eric-Dier
ac89503b,Gautier-Lloris
ac8b2421,Helibelton-Palacios
acc1aefa,Angel-Algobia
ad00b1a8,Benno-Schmitz
ad1f61f3,Steven-Alzate
ad82197c,Axel-Disasi
aded8e6f,Riccardo-Calafiori
ae44e8e2,Dani-Olmo
ae48c5cb,Ivan-Martin
ae4fc6a4,Eberechi-Eze
ae59b359,Boubakary-Soumare
ae7058f9,Julian-Chabot
ae94a6c5,Edoardo-Bove
ae9898c5,Matteo-Ruggeri
aed3a70f,Ollie-Watkins
aeed5c06,Moussa-Diaby
af0d79a9,Borna-Sosa
af842091,Filip-Uremovic
afb61630,Tijjani-Reijnders
afdc14d7,Nico-Williams
b003239d,Christopher-Wooh
b026bbf6,Lorenz-Assignon
b05e2dbd,Jose-Luis-Gaya
b0616e3d,Sergio-Escudero
b0b4fd3e,Jack-Grealish
b0f7e36c,Federico-Chiesa
b0fce72c,Mikel-Vesga
b136c945,Hans-Nicolussi-Caviglia
b146275b,Victor-Boniface
b19db005,Ousmane-Dembele
b1b99435,Andrei-Ratiu
b1cd37e6,Filip-Kostic
b1f4086c,Alex-Grimaldo
b217ef29,Joel-Matip
b2336681,Tiago-Djalo
b2a81fc6,Mike-Tresor
b2bc3b1f,Wilfried-Zaha
b2bd0f6c,Jonathan-Bamba
b2d31e83,Dan-Burn
b318a643,Salomon-Rondon
b3325a30,Suat-Serdar
b35a7399,Leo-Skiri-Ostigard
b386310a,Nabil-Alioui
b3af9be1,Takehiro-Tomiyasu
b3f62bfc,Diego-Collado
b3f8bdef,Deiver-Machado
b400bde0,Raheem-Sterling
b4705807,Aurelio-Buta
b492126a,Tiago-Tomas
b4b08774,Matondo-Merveille-Papela
b4c816a9,Wilfried-Kanga
b51b1b9c,Yunus-Musah
b561db50,Raul-Jimenez
b57e066e,Rico-Lewis
b5e0af76,Matus-Bero
b5f7d10b,Dodo-
b62878a5,Kudus-Mohammed
b66315ae,Gabriel-Jesus
b666421b,Ismael-Traore
b684a484,Jordan-Pefok
b6964eb6,Chris-Smalling
b6a1cdf9,Matteo-Cancellieri
b6e50615,Yuri-Berchiche
b70bde8f,Stefano-Sensi
b737f944,Hannes-Delcroix
b73f17f8,Evann-Guessand
b74277a0,Noussair-Mazraoui
b77f44a4,Marvin-Friedrich
b7c04927,Luis-Perez
b7ca5c51,Gabriel-Paulista
b825a650,Kevin-Kampl
b853e0ad,Fred-
b857bd29,Antonio-Raillo
b85bf253,Martin-Hongla
b86a64b2,Joaquin-Fernandez
b8a642fc,Samuel-Chukwueze
b8e740fb,Ryan-Gravenberch
b906757a,Aitor-Paredes
b92b456a,Marc-Cardona
b96b595c,Francesco-Acerbi
b99bec05,Issiaga-Sylla
b9ae8560,Niklas-Schmidt
b9d0446f,Nikola-Maras
b9e1436c,Harvey-Elliott
ba115a40,Sebastien-Haller
ba3d3bea,Danilo-Cataldi
ba5004e1,Damian-Suarez
bac46a10,Lisandro-Martinez
bb08bce9,Omar-Alderete
bb1cf301,Vaclav-Cerny
bb376bed,Ivan-Ilic
bb5fbd2b,Solly-March
bba30585,Diego-Llorente
bbd86530,Christopher-Lenz
bbf5c11b,Rafa-Mir
bc6bd723,Alassane-Plea
bc6f5f06,Sergi-Gomez
bc7dc64d,Bukayo-Saka
bd142efb,Jonathan-Tah
bd527260,Kingsley-Schindler
bd6351cd,Joao-Cancelo
bdb624a3,Oihan-Sancet
bdc14559,Omenuke-Mfulu
bdc74a8f,Gonzalo-Villar
be170419,Unai-Nunez
be2706c0,Mergim-Vojvoda
be5e1c4c,Dawid-Kownacki
be927d03,Ashley-Young
beb882a8,Maximilian-Eggestein
bed68338,Abdessamad-Ezzalzouli
bee704fc,Nikola-Milenkovic
bf075f6b,Roland-Sallai
bf4c41f9,Arnaud-Kalimuendo
bfc3b3a0,Hugo-Bueno
bfd381b3,Iddrisu-Baba
bfdb33aa,Ismaila-Sarr
c05dfb74,Iker-Muniain
c05f2f8c,Danilo-Soares
c0617e2b,Dani-Ceballos
c066d1a5,Issa-Kabore
c0b3669f,Randal-Kolo-Muani
c0c7ff58,Fabian-Ruiz-Pena
c13ddd3e,Matias-Soule
c149016b,Wataru-Endo
c14bc029,Saul-Niguez
c17bfb65,Joelinton-
c1949191,Jarrad-Branthwaite
c1b7847c,Konrad-Laimer
c2009df3,Jonas-Hector
c20bdcd7,Reinildo-Mandava
c2211709,Ellyes-Skhiri
c2357b65,Emil-Holm
c235e803,Matteo-Gabbia
c2731c10,Conor-Gallagher
c2c8897d,Alberto-Moleiro
c3725db2,Yoann-Salmier
c3e66ffe,Arnau-Martinez
c3ee18ef,Lucas-Hernandez
c40b6180,Adam-Webster
c4486bac,Michael-Olise
c455a2b2,Dejan-Ljubicic
c459a650,Joakim-Maehle
c487901c,Diego-Lopez
c4987edc,Diogo-Leite
c4b888df,Isaac-Carcelen
c4e87b8b,Wout-Weghorst
c56dc39e,Rafael-Toloi
c596fcb0,Callum-Wilson
c64c01fc,Georginio-Rutter
c678ddd7,Jeanoel-Belocian
c68da769,Rafael-Borre
c691bfe2,Sadio-Mane
c6cf860f,Hugo-Siquet
c6e8cf1f,Sasa-Lukic
c7259b83,Rolando-Mandragora
c76b7567,Adrien-Thomasson
c77a8043,Antonio-Puertas
c78b352d,Thierry-Correia
c8aa95da,Fabian-Schar
c9817014,Manuel-Ugarte-Ribeiro
c9e39d91,Brais-Mendez
c9f2f83a,Check-Keita
ca22ccb0,Hannibal-Mejbri
ca618d23,Lucas-Holer
ca8033cb,Lukas-Klostermann
cab9634e,Ian-Maatsen
cad3fd4d,Ibrahim-Salah
caef7840,Alexis-Flips
caffaf5a,Maya-Yoshida
cb11b429,Patrick-Wimmer
cb574619,Hugo-Mallo
cc2d7ad5,Charlie-Taylor
cc3b8e78,Luke-Cundle
cc41f558,Matthieu-Udol
cc6de655,Juanlu-Sanchez
cc77354e,Boubacar-Kamara
cc83b74d,Kasper-Dolberg
cc86b9a3,Leon-Goretzka
cc9256ef,Largie-Ramazani
cc971106,Rocco-Reitz
ccce7025,Sven-Botman
cce181df,Geoffrey-Kondogbia
cd0fa27b,Hakan-Calhanoglu
cd1acf9d,Trent-Alexander-Arnold
cdc4458b,Dion-Moise-Sahi
cdf65d12,Marlon-
ce30bfc8,Roberto-Gagliardini
ce4246f5,Kurt-Zouma
ce4f40c7,Cheick-Doucoure
ce50fd99,Jonathan-David
ce5143da,Danny-Welbeck
ce8039aa,Nico-Ribaudo
cee88597,Ivan-Balliu
cf007308,Elif-Elmas
cf182add,Ismaily-
d01bbb6f,Ritsu-Doan
d023d70f,Karol-Linetty
d04b94db,Nelson-Semedo
d0706b27,Marc-Guehi
d07d0aeb,Patric-Pfeiffer
d080ed5e,Mikel-Merino
d0b6129f,Sander-Berge
d0d8dd44,Stefan-Vrij
d0ee1652,Saul-Coco
d0f72bf1,Max-Kilman
d1b49282,Morten-Thorsby
d2110326,Mouctar-Diakhaby
d2416c2e,Yussuf-Poulsen
d2424d1b,Ben-Chilwell
d2448564,Samuel-Grandsir
d248cd8f,Dayot-Upamecano
d29202c2,Sory-Kaba
d2c8aacc,Xeber-
d38fdf53,Pervis-Estupinan
d3aaad90,Stephan-Shaarawy
d3de9af0,Duvan-Zapata
d4456fb3,Morten-Hjulmand
d4535821,Adam-Marusic
d49f3e6b,Lucas-Boye
d4c9725f,Theo-Hernandez
d4d35152,Hugo-Magnetti
d5326924,Amin-Sarr
d5d22a58,Gabriel-Gudmundsson
d5dd5f1f,Pierre-Emerick-Aubameyang
d5f2f82b,Marquinhos-
d637fc22,Rodrigo-Battaglia
d65cf468,Alessandro-Bianco
d6862409,Florian-Niederlechner
d6e53a3a,Matthijs-Ligt
d705ba44,Andrea-Belotti
d70ce98e,Lionel-Messi
d7553721,Giovani-Lo-Celso
d75f3980,Jere-Uronen
d781d855,Alphonso-Davies
d7f99582,Benson-Manuel
d85c238b,Mattia-Zaccagni
d87e2cae,Willian-Jose
d8931174,Harry-Maguire
d93c2511,Scott-McTominay
d9565625,Diogo-Dalot
d9764034,Guillermo-Maripan
d995ed27,Giacomo-Bonaventura
d9ba39fc,Diego-Rico
da052c14,Jordan-Ayew
da27e268,Marc-Roca
da4d670f,Xavi-Simons
da76bab4,Valentin-Castellanos
da974c7b,Kalidou-Koulibaly
daa78200,Andreas-Voglsammer
dad4b285,Joel-Veltman
db001fa9,Alfonso-Espino
db092d3b,Ismael-Bennacer
db7849ca,Franck-Honorat
db8f0eba,Adri-Embarba
dbd3a428,Junya-Ito
dbf053da,Jadon-Sancho
dc1c2fce,Alex-Berenguer
dc3e663e,Jakub-Kiwior
dc62b55d,Matheus-Cunha
dc62fbee,Leonardo-Bittencourt
dcfb17f4,Amine-Adli
dd0daf32,Henrikh-Mkhitaryan
dd897ee7,Liam-Delap
de13cee5,Sam-Beukema
de39485a,Yannick-Carrasco
de4cac2d,Silas-Katompa
de838f86,Anthony-Jung
dea698d9,Cristiano-Ronaldo
dea88efd,Khvicha-Kvaratskhelia
dee86451,William-Carvalho
df0a4c90,Christian-Norgaard
df3cda47,Dejan-Kulusevski
df69b544,Antoine-Griezmann
df8b52a5,Emerson-
df8d6029,Arthur-Theate
dff153a4,Leandro-Paredes
e06683ca,Virgil-van-Dijk
e0921a4f,Paulo-Dybala
e0979e74,Haissem-Hassan
e09f279b,Ivan-Toney
e0b113a7,Robert-Andrich
e0bc6fdc,Emerson-Palmieri
e0f8151c,Kim-Min-jae
e12b0b5b,Sebastian-Rode
e14ec482,Riccardo-Orsolini
e1618c22,Aaron-Ramsey
e18098de,Ivan-Sunjic
e1cbb531,Stanislav-Lobotka
e2716bd0,David-Silva
e27da244,John-Brooks
e280527c,Marcel-Sabitzer
e33c06cf,Niklas-Sule
e342ad68,Mohamed-Salah
e34fc66d,Joachim-Andersen
e3756e72,Raoul-Bellanova
e3cceee6,Merih-Demiral
e42d61c7,Achraf-Hakimi
e43a4083,Ignacio-Miramon
e46012d4,Kevin-De-Bruyne
e50623a0,Kevin-N'Doram
e541326e,Ethan-Pinnock
e54a9890,Faitout-Maouassa
e5649a78,Kevin-Stoger
e58cbfd5,Nicolo-Rovella
e599253a,Mario-Pasalic
e5bf73f3,Musa-Barrow
e5d01ecf,Kiko-Femenia
e5d85da8,Linton-Maina
e5ec95f8,Mamadou-Sylla
e613313c,Perr-Schuurs
e61b8aee,Granit-Xhaka
e6697917,Ribeiro-Almeida-Domingos-Andre
e6777e6b,Stefan-Mitrovic
e6af02e0,Matheus-Nunes
e717705a,Alex-Kral
e73c9bb2,Alex-Telles
e7630876,Mika-Marmol
e76cb9cc,Chancel-Mbemba
e79269bd,Luca-Netz
e7aa9d7c,Fabio-Silva
e7d59f4f,Amine-Harit
e7fcf289,Florian-Wirtz
e82adcab,Exequiel-Palacios
e8832875,Pedro-Joao
e897d8ba,Kike-
e9241b40,Luca-la-Torre
e92cd3f7,Alexander-Sorloth
e97fd090,Ruben-Loftus-Cheek
e9ada8cf,Javi-Lopez
ea003d07,Joel-Pohjanpalo
ea42c03f,Agustin-Rogel
ea610f00,Pol-Lozano
ea6bc03a,Robin-Koch
ead61f73,Juan-Miranda
eaeca114,Nathan-Ake
eb2fe5b6,Luis-Muriel
eb3022c3,Benjamin-Tahirovic
eb3dd471,Luis-Rioja
eb6e14be,Mergim-Berisha
eb7822d7,Nemanja-Matic
eb82b6f1,Fidel-
eba1e557,Han-Noah-Massengo
ec7c84c2,Javier-Munoz
ecbe2839,Willian-Pacho
ed1e53f3,Phil-Foden
ed45c4a5,Valentin-Rongier
ed5c0319,Beto-
ed5c5fa3,Fran-Beltran
ed6ea4d9,Darwin-Machis
ed79b7d3,Ermedin-Demirovic
ed98c321,Tim-Breithaupt
ed9f7cfe,Renan-Lodi
eda38706,Adson-
edb2712b,Maximilian-Wittek
edc98fac,Santiago-Bueno
ee158be5,Junior-Mwanga
ee251371,Alexis-Saelemaekers
ee38d9c5,James-Maddison
ee45d138,Jose-Gragera
ee45fd85,Vanderson-
ee644761,Moritz-Jenz
ee64a822,Lewis-Ferguson
eeba07f8,Luis-Javier-Suarez
ef322658,Andres-Guardado
ef619b0b,Aaron-Ramsey
ef9c1c95,Benjamin-Andre
efa708aa,Jonathan-Viera
efc9e31f,Dany-Mota
efecd633,Fede-San-Emeterio
f03f284b,David-Lopez
f0a37d36,Cedric-Brunner
f0caab96,Toti-Gomes
f0da930c,Jose-Maria-Gimenez
f15f8b2b,Musa-Taamari
f1e94cd6,Nathan-Tella
f20e4cc9,Nuno-Mendes
f26834c7,Karim-Onisiwo
f27680d9,Cristian-Gamboa
f2c6ac01,Martin-Valjent
f2dd9a21,Carlos-Gruezo
f315ca93,Kostas-Tsimikas
f323d995,Christopher-Jullien
f32df091,Christian-Dalle-Mura
f35430a4,Matija-Nastasic
f36016a5,Ramon-Terrats
f3b1d9a2,Amath-
f4290206,Marcos-Alonso
f49c4ae9,Junior-Messias
f5044e54,Pierre-Lees-Melou
f521b80a,Matthias-Ginter
f553b2b3,Jorgen-Strand-Larsen
f586779e,Tammy-Abraham
f5a00fa4,Joao-Moutinho
f5b281e7,Niels-Nkounkou
f5c8b425,Yusuf-Yazici
f5deef4c,Victor-Lindelof
f631c17f,Oliver-Burke
f63cda26,Goncalo-Ramos
f67c9d29,Danilho-Doekhi
f68b64fc,Silvan-Widmer
f6a3c84d,Kevin-Van-Den-Kerkhof
f6ac68c1,Stefan-Savic
f6b94e8d,Saidou-Sow
f6bdc830,Keven-Schlotterbeck
f6d7d690,Josh-Cullen
f6f6b6e8,Jawad-Yamiq
f7036e1c,Lautaro-Martinez
f7223718,Patric-
f72293fc,Johann-Berg-Gudmundsson
f76022e7,Enzo-Millot
f7691f63,Dimitri-Lienard
f7aa75bd,Marvin-Plattenhardt
f7dc2ae5,Aritz-Elustondo
f7e2af2c,Andrea-Carboni
f7e87032,Viktor-Tsyhankov
f814e5d3,Cristian-Herrera
f833a830,Takumi-Minamino
f84a807c,Lyle-Foster
f86ad3f5,Marco-Friedl
f874dd44,Hector-Bellerin
f8eca1b6,Enes-Unal
f8fcd2a5,Jonny-Evans
f972644c,Marco-Richter
f97f9188,Giovanni-Fabbian
f9a225f5,Curro-
f9c927de,Michel-Aebischer
f9d5908e,Hicham-Boudaoui
fa031b34,Richarlison-
fa661778,Marius-Wolf
faed84db,Uros-Racic
fb377d11,Josha-Vagnoman
fbbb9269,Youssouf-Sabaly
fbd6378b,Aissa-Mandi
fc15fb84,Dwight-McNeil
fc3697dd,Rodrigo-Zalazar
fc46aab1,Lovro-Majer
fc4cf6a7,Jordan-Lotomba
fc647b34,Oscar-Trejo
fcb27134,Mohamed-Simakan
fce2302c,Kieran-Tierney
fce521d7,Ricard-Sanchez
fd2bc67d,Dante-
fd47b4f2,Rodrigo-Ely
fd51b456,Lucas-Vazquez
fd771f95,Martin-Braithwaite
fdf3cb77,Vladimir-Coufal
fe012aca,Jeremie-Boga
fe641c1a,Thomas-Delaney
fed17f5a,Carlos-Soler
fed7cb61,Kai-Havertz
ff579c7e,Nikola-Moro
ff5ea0bf,Malick-Thiaw
ff98492b,Robert-Skov
ffacd3d5,Manu-Sanchez
ffec9769,Islam-Slimani
fffea3e5,Jeremy-Doku
